{
    "kolkata": [
        22.5675,
        88.37
    ],
    "hong kong": [
        22.3,
        114.2
    ],
    "jadavpur": [
        22.502513,
        88.3676051
    ],
    "howrah": [
        22.58,
        88.32944444
    ],
    "tokyo": [
        35.68972222,
        139.69222222
    ],
    "london": [
        51.50722222,
        -0.1275
    ]
}